,name,price,rating
0,boAt Aavante Bar 3100D 260 W Bluetooth Soundbar,"13,999",4.2
1,boAt Aavante Bar 120 W Bluetooth Soundbar,"8,199",4.4
2,boAt Stone 350 10 W Bluetooth Speaker,"1,599",4.3
3,"Mivi Fort S100 with 2 in-built subwoofers, Made in Indi...","4,999",4.5
4,F FERONS Wireless rechargeable portable Premium bass Mu...,362,3.9
5,boAt Stone 350 10 W Bluetooth Speaker,"1,599",4.3
6,Mivi Roam2 5 W Bluetooth Speaker,999,4.3
7,JBL JBLCHARGE5BLK 40 W Bluetooth Speaker,"15,999",4.5
8,Mivi Play 5 W Portable Bluetooth Speaker,799,4.2
9,F FERONS Wireless rechargeable portable Premium Dj bass...,362,3.9
10,SONY SA-D40 80 W Bluetooth Home Theatre,"8,935",4.4
11,Oxhox Flip Essential BASS Stereo With FM 10 W Bluetooth...,649,3.8
12,DINGLOT MINI WS – 887 Bluetooth Speaker 5 W Bluetooth G...,261,3.8
13,"Mivi Fort S60 with 2 in-built subwoofers, Made in India...","3,499",4.6
14,boAt Stone 190F 5 W Bluetooth Speaker,"1,199",4.4
15,boAt AAVANTE BAR 1150 60 W Bluetooth Soundbar,"4,299",4.2
16,Mivi Play 5 W Portable Bluetooth Speaker,799,4.2
17,etmax NANO PLUS 30 W Bluetooth Home Theatre,949,3.8
18,boAt Stone 190F 5 W Bluetooth Speaker,"1,199",4.4
19,Zeom ®A006 10W (MZ Series) Wireless Bluetooth Portable ...,697,0
20,ZEBRONICS Zeb - Fame 5 watt Laptop/Desktop Speaker,549,4.1
21,ZEBRONICS Zeb-Vita Plus 16 W Bluetooth Laptop/Desktop S...,"1,399",4.1
22,F FERONS 100% Best Quality Super Bass 3D Sound Wireless...,398,4
23,Aroma Studio 1 Pro High Sound Quality With 6 Hours Play...,499,4
24,boAt Stone 1000 14 W Portable Bluetooth Speaker,"2,799",4.4
25,boAt Aavante Bar 2000 160 W Bluetooth Soundbar,"9,499",4.4
26,PTron Fusion 10W Bluetooth Speaker 10 W Bluetooth Speak...,"1,199",4.3
27,U&i Kingdom Series 8W Wireless Speaker with 10 Hours Ba...,449,3.7
28,JBL Flip Essential IPX7 Waterproof 16 W Bluetooth Speak...,"4,999",4.4
29,ZEBRONICS Zeb-Vita Plus 16 W Bluetooth Laptop/Desktop S...,"1,399",4.1
30,ZEBRONICS ZEB-FEEL 4 60 W Bluetooth Home Theatre,"2,299",3.9
31,Aroma Studio 1 Pro High Sound Quality With 6 Hours Play...,499,4
32,boAt Stone Grenade 5 W Portable Bluetooth Speaker,"1,199",4.2
33,CIHLEX NEW 2021 A005 Dolby sound Bass With Disco Color ...,644,4.1
34,SAMSUNG HW-T42E/XL Dolby Digital 150 W Bluetooth Soundb...,"8,199",4.1
35,INFINITY by Harman Fuze 99 4.5 W Bluetooth Speaker,"1,199",4
36,ZEBRONICS BT4440 RUCF 60 Watt Bluetooth Home Theatre,"3,099",4.1
37,boAt Aavante Bar 1550 120 W Bluetooth Soundbar,"8,199",4.4
38,boAt Stone 350 10 W Bluetooth Speaker,"1,599",4.3
39,EWELL Super Bass Bluetooth Wireless Portable YD 668 Spe...,640,4
40,Mivi Roam2 5 W Bluetooth Speaker,999,4.3
41,boAt PartyPal 60 20 W Bluetooth Party Speaker,"4,499",4.3
42,OBDIR tg-113 Portable Mini Blutooth Speaker Ultra High ...,349,3.9
43,JBL Flip Essential IPX7 Waterproof 16 W Bluetooth Speak...,"4,999",4.4
44,Intex IT-XM BANG SUFB 78 W Bluetooth Home Theatre,"3,599",4.1
45,Philips BT40 Portable Bluetooth Speaker,"1,099",4.2
46,SAMSUNG HW-T45E/XL With Wireless Subwoofer 200 W Blueto...,"8,499",4.1
47,boAt Stone Grenade 5 W Portable Bluetooth Speaker,"1,199",4.2
48,F FERONS 100% Best Quality with Super Bass 3D Sound Wir...,398,4
49,Soundcore by Anker Select Pro 30 W Bluetooth Party Spea...,"4,999",4.4
50,PHILIPS MMS2625B/94 31 W Bluetooth Home Theatre,"3,490",4.2
51,Oxhox Flip Essential BASS Stereo With FM 10 W Bluetooth...,649,3.8
52,F FERONS TG-113 Ultra 3D Dynamic Thunder Sound With Hig...,439,3.9
53,Mivi Play 5 W Portable Bluetooth Speaker,799,4.2
54,WOOS Ws-03 Speaker With Mic Super Bass Bluetooth Wirele...,719,4
55,JBL JBLCHARGE5BLK 40 W Bluetooth Speaker,"15,999",4.5
56,boAt Party Pal 20 15 W Bluetooth Party Speaker,"2,499",4.3
57,Terabyte KUBIX 2W Speakers 2 W Laptop/Desktop Speaker,323,3.9
58,boAt Aavante Bar 1300 60 W Bluetooth Soundbar,"3,999",4.3
59,boAt Aavante Bar 3100D 260 W Bluetooth Soundbar,"13,999",4.2
60,boAt Stone 650 10 W Bluetooth Speaker,"1,899",4.3
61,Ubon SP-70 Cool Bass Portable Speaker Powered with 1600...,"1,099",4.2
62,F FERONS Best Quality Super Bass 3D Sound Wireless rech...,361,4
63,boAt AAVANTE BAR 1150 60 W Bluetooth Soundbar,"4,299",4.2
64,ZEBRONICS Zeb Vita Pro with TWS 24 W Bluetooth Soundbar,"1,899",4
65,F FERONS 100% GOOD QUALITY A005|3D Thumping sound| Spla...,349,4
66,ZEBRONICS ZEB-Juke Bar 9400 Pro Dolby 525 W Bluetooth S...,"14,999",4.2
67,Zeom ®A006 10W (MZ Series) Wireless Bluetooth Portable ...,697,0
68,boAt Rugby Plus 16 W Bluetooth Speaker,"1,799",4.1
69,tapfuture Ultra Mini Boost Wireless Portable Bluetooth ...,529,3.8
70,ZSIV 10W Dj Mini Speaker 3D Bass New Arrival Wireless B...,421,4.2
71,Aroma Studio 1 Pro High Sound Quality With 6 Hours Play...,499,4
72,I Kall K22 40 W Bluetooth Home Theatre,"1,329",3.8
73,"boAt Stone 850 with ASAP Charge, upto 13 Hours Playback...","2,299",3.7
74,artis S21 5 W Laptop/Desktop Speaker,649,4.3
75,boAt Aavante Bar 120 W Bluetooth Soundbar,"8,199",4.4
76,ZEBRONICS INDIE 105 W Bluetooth Home Theatre,"5,499",4.2
77,Oxhox FLIP 3D Blast Sound + 10 W IPX7 Waterproof Blueto...,399,3.7
78,PHILIPS MMS8085B/94 Convertible 80 W Bluetooth Home The...,"7,940",4.2
79,U&i Kingdom Series 8W Wireless Speaker with 10 Hours Ba...,449,3.7
80,SONY SRS-XB13 Bluetooth Speaker,"3,990",4
81,"QUANTUM SonoTrix 51 Bluetooth Speaker, 5 W Waterproof (...",699,4.6
82,F&D 203G 11 W Portable Laptop/Desktop Speaker,"1,499",4.2
83,JBL Flip Essential IPX7 Waterproof 16 W Bluetooth Speak...,"4,999",4.4
84,boAt Aavante Bar 90 W Bluetooth Soundbar,"5,799",4.3
85,INFINITY by Harman Fuze 99 4.5 W Bluetooth Speaker,"1,199",4
86,LG LK72B XBOOM 40 W Bluetooth Home Theatre,"4,299",4.3
87,boAt Stone Grenade 5 W Portable Bluetooth Speaker,"1,199",4.2
88,boAt Rugby Plus 16 W Bluetooth Speaker,"1,899",4.1
89,boAt Blitz 1500 Multimedia 50 W Bluetooth Home Theatre,"3,299",4
90,JBL Moviebar 80 Dolby Digital 110 W Bluetooth Soundbar,"9,499",4.1
91,Oxhox Flip Essential BASS Stereo With FM 10 W Bluetooth...,649,3.8
92,CIHLEX CX-887 Bluetooth Speaker 3D Bass New Arrival Wir...,284,3.8
93,ZEBRONICS ZEB-WARRIOR 10 W Laptop/Desktop Speaker,788,4.1
94,Oxhox v 5.1 Bluetooth BASS Stereo Sound Drum With FM 10...,399,3.8
95,JBL JBLCHARGE5BLK 40 W Bluetooth Speaker,"15,999",4.5
96,boAt Stone 190F 5 W Bluetooth Speaker,"1,199",4.4
97,LG SJ3 300 W Wireless Dolby Bluetooth Soundbar,"10,499",4.1
98,CIHYARD TG-113 Mini Bluetooth Portable Home Speaker Com...,379,3.8
99,boAt Aavante Bar 3100D 260 W Bluetooth Soundbar,"13,999",4.2
100,JBL GO2 Portable Bluetooth Speaker,"2,479",4.3
101,Highstairs Wireless HiFi Stereo Good Quality Karaoke ZQ...,"1,599",3.8
102,"boAt Aavante Bar 1600D with Dolby Digital, Wired Subwoo...","8,999",4.2
103,boAt AAVANTE BAR 1150 60 W Bluetooth Soundbar,"4,299",4.2
104,KRISONS Polo Red 7.1 |Home Theater 7.1|Bluetooth|AUX|FM...,"2,427",4.1
105,I Kall IK409 - 4.1 CHANNEL - BT 60 W Bluetooth Home The...,"1,994",3.9
106,F&D A111X 35 W Bluetooth Laptop/Desktop Speaker,"2,399",4.2
107,JBL JBLCHARGE5SQUAD 40 W Bluetooth Speaker,"15,999",4.5
108,ZSIV E-91 Home Theater Long Life Battery Backup Dj Spea...,"1,061",4.1
109,ZEBRONICS ZEB-WARRIOR 10 W Laptop/Desktop Speaker,749,4.2
110,ZEBRONICS Zeb-Sunshine 60 W Bluetooth Home Theatre,"1,999",3.6
111,Aroma Studio 1 Pro High Sound Quality With 6 Hours Play...,499,4
112,Borneo Ultra 3d sound blast With rich premium Super dee...,348,3.8
113,ZEBRONICS Juke bar 3500 60 W Bluetooth Soundbar,"3,499",4.3
114,boAt Stone Cuboid with upto 5.5 Hours Playback Time 5 W...,"1,099",4
115,boAt Aavante Bar 120 W Bluetooth Soundbar,"8,199",4.4
116,KRISONS Redblast 5.1 Bluetooth Home Theatre,"2,156",3.9
117,F FERONS Super Bass Splashproof Wireless Bluetooth Spea...,261,3.7
118,ULTADOR 006 rending Woofer Dual Horn Dj Power boost Hig...,664,4.4
119,U&i Kingdom Series 8W Wireless Speaker with 10 Hours Ba...,449,3.7
120,etmax NANO STYLE 30W ET-1515 30 W Bluetooth Home Theatr...,949,3.7
121,U&i Sumo Series with Karaoke mic and 6 hours Battery Ba...,859,4
122,Juxtex smart bulb With Bluetooth Remote Colour Chang 5 ...,319,4.2
123,JBL Flip Essential IPX7 Waterproof 16 W Bluetooth Speak...,"4,999",4.4
124,F&D F 3800X 80 W Bluetooth Home Theatre,"6,299",4.2
125,F FERONS Buy Now At Drop down Price best Super Bass 3D ...,358,4
126,ZEBRONICS ZEB-BT4444RUCF 60 W Bluetooth Home Theatre,"2,899",4
127,JBL JBLCHARGE5BLK 40 W Bluetooth Speaker,"15,999",4.5
128,CIHYARD New Good Quality Wooden Wireless Speaker with w...,470,3.8
129,PHILIPS SPA8000B/94 120 W Bluetooth Home Theatre,"9,490",4.1
130,Elista ELS-MINI 6 W Laptop/Desktop Speaker,379,3.6
131,boAt Aavante Bar 3100D 260 W Bluetooth Soundbar,"13,999",4.2
132,ZEBRONICS Juke bar 4000 80 W Bluetooth Soundbar,"5,799",4.3
133,"QUANTUM SonoTrix 51 Bluetooth Speaker, 5 W Waterproof (...",699,4.3
134,ZEBRONICS Juke Bar 9000 Pro Dolby 120 W Bluetooth Sound...,"10,299",4.3
135,Oxhox Flip Essential BASS Stereo With FM 10 W Bluetooth...,649,3.8
136,Eccellente HT115 Bluetooth Home Theatre,"1,847",3.7
137,XEWISS 10W WS-E-91 21 TV SOUNDBAR ORIGINAL QUALITY TOP ...,989,3.8
138,JBL GO3 4.2 W Bluetooth Speaker,"3,249",4.3
139,boAt AAVANTE BAR 1150 60 W Bluetooth Soundbar,"4,299",4.2
140,Intex MM Speaker 2.1 CRYSTAL FMUB 45 W Bluetooth Home T...,"2,799",3.9
141,Sulfur TROLLY SERIES WIRELESS SPEAKER Ultra DJ Sound Bl...,499,4.1
142,Terabyte KUBIX E-02B 1 W Laptop/Desktop Speaker,322,3.8
143,JBL JBLCHARGE5SQUAD 40 W Bluetooth Speaker,"15,999",4.5
144,"TOPLUS TP-1600A Bluetooth Home Theatre (Black, 4.1 Chan...","1,799",0
145,Frontech SW-0081 3 W Laptop/Desktop Speaker,335,4
146,Terabyte 015 1 Laptop/Desktop Speaker,356,4
147,boAt Aavante Bar 120 W Bluetooth Soundbar,"8,199",4.4
148,F FERONS Wireless Speaker |3D sound| Splashproof| Deep ...,398,3.9
149,PHILIPS SPA5128B/94 40 W Bluetooth Home Theatre,"4,440",4.1
150,F FERONS 100% Branded 3D sound Portable Splash proof Bl...,349,4.2
151,U&i Kingdom Series 8W Wireless Speaker with 10 Hours Ba...,449,3.7
152,F&D A180X 42 W Portable Bluetooth Home Theatre,"3,299",4.3
153,boAt Blitz 2000 Multimedia 100 W Bluetooth Home Theatre,"4,499",4.2
154,saregama Carvaan Premium 10 W Portable Bluetooth Home A...,"6,990",4.4
155,boAt Stone Grenade 5 W Portable Bluetooth Speaker,"1,199",4.2
156,SHOPLINE SP-T-113-SPKR1 9 W Bluetooth Speaker,349,3.8
157,Sulfur Best Buy Ultra DJ Sound Blast Portable Best Blue...,498,3.9
158,ZSIV WS 887 Super Bass Splashproof Wireless Bluetooth S...,282,4.4
159,Aroma Studio 1 Pro High Sound Quality With 6 Hours Play...,499,4
160,JBL Flip 3 Splashproof 16 W Portable Bluetooth Speaker,"5,699",4.4
161,SKYPHR with Google & Siri Assistant Smart Speaker,254,5
162,ZEBRONICS ZEB-BT 6590 RUCF 65 W Bluetooth Home Theatre,"3,399",3.9
163,JBL Flip Essential IPX7 Waterproof 16 W Bluetooth Speak...,"4,999",4.4
164,MOTOROLA AmphisoundX with HDMI Arc 120 W Bluetooth Home...,"8,999",4.2
165,F FERONS 3D Sound Thumping Bass| Splashproof| Water res...,349,4
166,Portronics Pure Sound 103 100 W Bluetooth Soundbar,"4,799",3.4
167,boAt Stone Grenade 5 W Portable Bluetooth Speaker,"1,199",4.2
168,Treadmill Multipurpose Mini Home Theatre Super Bass |3D...,445,4.1
169,boAt AAVANTE BAR 1150 60 W Bluetooth Soundbar,"4,299",4.2
170,Treadmill New features Popular Arrival Wireless Subwoof...,497,4
171,Oxhox Flip Essential BASS Stereo With FM 10 W Bluetooth...,649,3.8
172,TEQIR WS-02 3D ULTRA SOUND Portable Led Light subwoofer...,474,4.2
173,F FERONS Wireless rechargeable portable Premium bass Mu...,445,3.9
174,F&D 380X 54 W Bluetooth Home Theatre,"3,999",4.2
175,JBL JBLCHARGE5BLK 40 W Bluetooth Speaker,"15,999",4.5
176,Yashvi toys Ultra Mini Boost Bluetooth Speaker | Pocket...,399,3.8
177,ZEBRONICS Zeb Vita Pro with TWS 24 W Bluetooth Soundbar,"1,899",4
178,Highstairs DJ Sound Premium Design Stereobass Built-in ...,"1,599",3.7
179,boAt Aavante Bar 3100D 260 W Bluetooth Soundbar,"13,999",4.2
180,Clerby Best Quality New Trending Mini Coin Size Stereo ...,399,0
181,SAMSUNG HW-A67E/XL With Wireless Subwoofer 510 W Blueto...,"24,990",4.3
182,ZEBRONICS Zeb-Juke Bar 7400 Pro 5.1 180 W Bluetooth Sou...,"9,999",4.2
183,JBL JBLCHARGE5SQUAD 40 W Bluetooth Speaker,"15,999",4.5
184,F&D A521X 52 W Bluetooth Home Theatre,"4,699",4.3
185,Treadmill WS-02 New features Popular Arrival Wireless S...,497,3.7
186,"boAt Stone 1350 with Upto 5 Hours Playback Time, Passiv...","3,999",3.7
187,Aroma Studio 1 Pro High Sound Quality With 6 Hours Play...,499,4
188,TEQIR 005 Big Sound Lightweight Speaker Portable Blueto...,449,0
189,Juxtex smart bulb With Bluetooth Remote Colour Chang 5 ...,319,3.6
190,Blaupunkt SBA20F 16 W Bluetooth Soundbar,"1,699",4
191,boAt Aavante Bar 120 W Bluetooth Soundbar,"8,199",4.4
192,I Kall IK401 BT 60 W Bluetooth Home Theatre,"1,899",3.7
193,9 CORE JUMBO BLACK HT-HI BASS SOUND LIKE DJ SOUND 9500 ...,"3,894",3.7
194,boAt Aavante Bar 900 30 W Bluetooth Soundbar,"3,299",4
195,U&i Kingdom Series 8W Wireless Speaker with 10 Hours Ba...,449,3.7
196,Zoook Boombox plus 32 W Portable Bluetooth Party Speake...,"2,699",4.2
197,boAt Stone 190F 5 W Bluetooth Speaker,"1,299",4.4
198,Clavier Fusion Bluetooth 5 W Bluetooth Speaker,819,4.4
199,Aroma Studio 1 Pro High Sound Quality With 6 Hours Play...,499,4
200,OBDIR Portable rechargeable multimedia wireless Stereo ...,385,3.9
201,boAt Aavante Bar 4000DA With Dolby Atmos 3D 200 W Bluet...,"16,999",4.2
202,Intex 2622 55 W Portable Bluetooth Home Theatre,"2,599",3.8
203,JBL Flip Essential IPX7 Waterproof 16 W Bluetooth Speak...,"4,999",4.4
204,QUANTUM QHM630 Portable Laptop/Desktop USB Powered Mult...,519,3.9
205,INFINITY by Harman Fuze 99 4.5 W Bluetooth Speaker,"1,199",4
206,ATSolutions Top Wireless B22 12-Watts LED RGB Bluetooth...,349,4.4
207,JBL JBLCHARGE5BLK 40 W Bluetooth Speaker,"15,999",4.5
208,INFINITY by Harman Fuze Pint 2.5 W Bluetooth Speaker,799,4.2
209,XEWISS Before first use charge atlest 20 mints for long...,444,4.5
210,LOUDSY Best Buy Popularity High-Fidelity Transmission P...,"3,700",0
211,boAt Aavante Bar 3100D 260 W Bluetooth Soundbar,"13,999",4.2
212,Target TARGET TT-D237 FM-UM-BT 81 W Bluetooth Home Thea...,"2,299",4.7
213,ZEBRONICS Zeb -Bt 6860RUCF Bluetooth Home Theatre,"4,199",3.8
214,Soundcore by Anker Motion Plus 30 W Bluetooth Party Spe...,"7,999",4.7
215,Oxhox Flip Essential BASS Stereo With FM 10 W Bluetooth...,649,3.8
216,Oxhox FLIP 3D Blast Sound + 10 W IPX7 Waterproof Blueto...,399,3.7
217,F FERONS TOP SELLING LZ-3102 Trolley Wireless Led Disco...,374,3.8
218,TAGG Sonic-Angle-1 10 W Bluetooth Speaker,"2,499",4.5
219,boAt AAVANTE BAR 1150 60 W Bluetooth Soundbar,"4,299",4.2
220,Terabyte E02B 2 W Laptop/Desktop Speaker,319,4.4
221,ZEBRONICS ZEB PEBBLE NEW Laptop/Desktop Speaker,595,4.1
222,"ULTADOR Bluetooth Speaker WS 887 with FM Radio, Memory ...",270,3.9
223,Zeom ®A006 10W (MZ Series) Wireless Bluetooth Portable ...,697,0
224,I Kall Ik888 60 W Bluetooth Home Theatre,"2,089",3.9
225,Treadmill NEW ARRIVAL Powerpact Stereo Audio deep bass ...,445,4.3
226,ZEBRONICS Zeb-Warrior 4 10 W Laptop/Desktop Speaker,899,4.2
227,Aroma Studio 1 Pro High Sound Quality With 6 Hours Play...,499,4
228,Google Nest Mini (2nd Gen) with Google Assistant with G...,"3,999",4.3
229,F&D F210X 15 W Portable Bluetooth Laptop/Desktop Speake...,"2,499",4.2
230,ZEBRONICS Zeb-Juke Bar 6000DWS-Pro 160 W Bluetooth Soun...,"8,799",4.3
231,boAt Aavante Bar 120 W Bluetooth Soundbar,"8,199",4.4
232,saregama Carvaan Mini SCM02/SCM04 3 W Bluetooth Speaker,"2,099",4.3
233,JBL Party Box 100 Portable 160 W Bluetooth Party Speake...,"26,999",4.5
234,MOTOROLA AmphisoundX Dolby Audio 400 W Bluetooth Soundb...,"11,499",4
235,boAt Stone Grenade 5 W Portable Bluetooth Speaker,"1,199",4.2
236,Classic CESR SWF120 W 10 INCH 120/20mgt 120 W PA Speake...,765,4
237,ZSIV Premium Bass Bluetooth Speaker Soundbar mini Home ...,474,4.1
238,Portronics SoundDrum 1 10 W Bluetooth Speaker,"1,299",4.4
239,U&i Kingdom Series 8W Wireless Speaker with 10 Hours Ba...,449,3.7
240,ZEBRONICS Zeb - Wonderbar 10 10 W Laptop/Desktop Speake...,799,4
241,Worricow Heavy Body Mterial X-BASS Wireless Bluetooth P...,"1,499",3.7
242,ZEBRONICS Zeb-Juke Bar 3850 PRO DOLBY ATMOS 170 W Bluet...,"8,999",4
243,JBL Flip Essential IPX7 Waterproof 16 W Bluetooth Speak...,"4,999",4.4
244,JBL Charge Essential 20 W Bluetooth Speaker,"8,999",4.3
245,Techobucks Sourround Sound 40 Watts Wireless Bluetooth ...,"1,499",3.9
246,APPLE HomePod Mini with Siri Assistant Smart Speaker,"8,499",4.6
247,JBL JBLCHARGE5BLK 40 W Bluetooth Speaker,"15,999",4.5
248,SONY SRS-XB13 Bluetooth Speaker,"3,990",4
249,realme Pocket Speaker with Bass Radiator 3 W Bluetooth ...,"1,099",4.2
250,DINGLOT Wireless Portable Speaker with Memory Card Slot...,261,3.8
251,boAt Aavante Bar 3100D 260 W Bluetooth Soundbar,"13,999",4.2
252,MOTOROLA AmphisoundX Dolby Audio 400 W Bluetooth Soundb...,"11,499",4
253,Pebble Pebble Dome Black 5 W Bluetooth Speaker,999,4.1
254,CIHLEX Wireless multimidea Subwoofer Super Bass TF-card...,399,4
255,Oxhox Flip Essential BASS Stereo With FM 10 W Bluetooth...,649,3.8
256,PHILIPS SPA8140B/94 38 W Bluetooth Home Theatre,"5,180",4.1
257,"Borneo A005 High Power Sound Blast, Mini, Thunder Sound...",386,4.3
258,Intex MM Speaker COSMIC 5.1 FMUB 90 W Bluetooth Home Th...,"4,899",4
259,boAt AAVANTE BAR 1150 60 W Bluetooth Soundbar,"4,299",4.2
260,Mivi Play 5 W Portable Bluetooth Speaker,799,4.2
261,ZSIV Dj Bass Bar Studio Bluetooth Soundbar Moviebar Par...,"1,044",3.9
262,boAt Stone 500 with RGB lights 10 W Bluetooth Speaker,"1,799",3.6
263,Zeom ®A006 10W (MZ Series) Wireless Bluetooth Portable ...,697,0
264,PHILIPS MMS2550B/94 Dhoom 28 W Bluetooth Home Theatre,"4,130",4.2
265,MOTOROLA AmphisoundX with HDMI Arc 100 W Bluetooth Soun...,"3,499",4.2
266,Oxhox MGA BASS Stereo SoundDrum With FM 10 W Bluetooth ...,399,3.8
267,boAt Aavante Bar 120 W Bluetooth Soundbar,"8,199",4.4
268,Treadmill BEST BUY WS-02 Multimedia subwoofer home thea...,498,3.8
269,DAGTUL WS-04 Wireless Led Disco LightEasy to Carry WS-0...,664,4
270,ZEBRONICS Space Car 20 W Bluetooth Party Speaker,"2,299",4.1
271,U&i Kingdom Series 8W Wireless Speaker with 10 Hours Ba...,449,3.7
272,IKALL IK-401 60W Bluetooth Home Theatre System with FM/...,"1,899",3.7
273,Juxtex Bluetooth Speaker Bulb Speaker LED Wireless Ligh...,298,4
274,Blaupunkt SBA03 100 W Bluetooth Soundbar,"5,499",4
275,boAt Stone Grenade 5 W Portable Bluetooth Speaker,"1,199",4.2
276,ZEBRONICS Axon Bluetooth Speaker,"1,299",4
277,MOTOROLA AmphisoundX Dolby with HDMI Arc 120 W Bluetoot...,"7,499",4.3
278,Megaloyalty WS 01 HEAVY SOUND BOOM BLAST High Bass spea...,509,4
279,Aroma Studio 1 Pro High Sound Quality With 6 Hours Play...,499,4
